ANTONIO BANDERAS,BLUE SEDUCTION DAMA 100 ML ,Mujer,14900,29900
ANTONIO BANDERAS,BLUE SEDUCTION DAMA 100 ML ESTUCHE,Mujer,16900,31900
ANTONIO BANDERAS,BLUE SEDUCTION DAMA 200 ML ,Mujer,19900,34900
ANTONIO BANDERAS,BLUE SEDUCTION DAMA 100 ML TESTER,Mujer,11900,26900
ANTONIO BANDERAS,BLACK SEDUCTION VARON 100 ML,Hombre,14900,29900
ANTONIO BANDERAS,BLACK SEDUCTION VARON 200 ML,Hombre,19900,34900
ANTONIO BANDERAS,BLUE SEDUCTION VARON 100  ML ,Hombre,14900,29900
ANTONIO BANDERAS,BLUE SEDUCTION VARON 200  ML ,Hombre,19900,34900
ANTONIO BANDERAS,BLUE SEDUCTION VARON 100  ML TESTER,Hombre,11900,26900
ANTONIO BANDERAS,BLUE SEDUCTION  SPLASH 100 ML ESTUCHE,Hombre,16900,31900
ANTONIO BANDERAS,KING SEDUCTION 100 ML NEW,Hombre,14900,29900
ANTONIO BANDERAS,KING SEDUCTION 200 ML NEW,Hombre,19900,34900
ANTONIO BANDERAS,SECRET VARON 100 ML,Hombre,14900,29900
ANTONIO BANDERAS,SECRET VARON 200 ML,Hombre,19900,34900
ANTONIO BANDERAS,SECRET VARON 100 ML TESTER,Hombre,11900,26900
ANTONIO BANDERAS,SECRET DAMA 80 ML,Mujer,14900,29900
ANTONIO BANDERAS,GOLDEN SECRET DAMA 80 ML,Mujer,14900,29900
ANTONIO BANDERAS,GOLDEN SECRET DAMA 80 ML TESTER,Mujer,11900,26900
ANTONIO BANDERAS,GOLDEN SECRET VARON 200 ML,Hombre,19900,34900
ANTONIO BANDERAS,DIAVOLO VARON 100 ML,Hombre,11900,26900
ANTONIO BANDERAS,DIAVOLO VARON 100 ML TESTER,Hombre,8900,23900
ANTONIO BANDERAS,MEDITERRANEO VARON 100 ML,Hombre,11900,26900
ANTONIO BANDERAS,MEDITERRANEO VARON 200 ML,Hombre,17900,32900
ABERCROMBIE,ABERCROMBIE FITCH VARON 100 ML NEW,Hombre,28900,43900
AGATHA RUIZ ,BESO 100 ML TESTER,Mujer,9900,24900
AGATHA RUIZ ,FLOR 100 ML TESTER,Mujer,9900,24900
AGATHA RUIZ ,LOVE FOREVER 80 ML  ,Mujer,12900,27900
AGATHA RUIZ ,LOVE LOVE 80 ML TESTER,Mujer,9900,24900
AGATHA RUIZ ,GOTAS DE COLOR 100 ML TESTER,Mujer,10900,25900
ANTONIO PUIG,QUORUM 100 ML  ,Hombre,8900,23900
ANTONIO PUIG,QUORUM 100 ML TESTER,Hombre,6900,21900
ANTONIO PUIG,AQUA QUORUM 100 ML ,Hombre,8900,23900
ANTONIO PUIG,AQUA QUORUM 100 ML TESTER ,Hombre,6900,21900
ANTONIO PUIG,QUORUM SILVER 100 ML,Hombre,8900,23900
ANTONIO PUIG,QUORUM SILVER 100 ML TESTER,Hombre,6900,21900
ANTONIO PUIG,AGUA BRAVA CON SPRAY 100 ML ,Hombre,10900,25900
ANTONIO PUIG,AGUA BRAVA 100 ML TESTER,Hombre,8900,23900
ANTONIO PUIG,AGUA BRAVA 200 ML,Hombre,13900,28900
ANTONIO PUIG,AGUA BRAVA 350 ML,Hombre,17900,32900
ANTONIO PUIG,AGUA BRAVA 500 ML,Hombre,21900,36900
ANTONIO PUIG,AGUA BRAVA AZUL CON SPRAY 100 ML,Hombre,12900,27900
ANIMALE,ANIMALE VARON 100 ML,Hombre,18900,33900
ANIMALE,ANIMALE TEMPTATION DAMA 100 ML ,Mujer,18900,33900
ANIMALE,ANIMALE LOVE EDP DAMA 100 ML ,Mujer,18900,33900
ANIMALE,ANIMALE INTENSE EDP DAMA 100 ML ,Mujer,18900,33900
ARAMIS,ARAMIS EDT 110 ML ,Hombre,22900,37900
AZZARO,AZZARO 200 ML,Hombre,29900,44900
AZZARO,AZZARO EDITION LIMITED 100 ML,Hombre,20900,35900
AZZARO,AZZARO 100 ML TESTER,Hombre,16900,31900
AZZARO,AZZARO 100 ML ESTUCHE,Hombre,24900,39900
AZZARO,AZZARO SUMMER 100 ML TESTER,Hombre,15900,30900
AZZARO,AZZARO ONIX 100 ML,Hombre,16900,31900
AZZARO,CHROME 100 ML  ,Hombre,21900,36900
AZZARO,CHROME 200 ML,Hombre,29900,44900
AZZARO,CHROME 100 ML TESTER,Hombre,16900,31900
AZZARO,CHROME UNITED 100 ML ESTUCHE,Hombre,24900,39900
AZZARO,CHROME SPORT 100 ML,Hombre,16900,31900
AZZARO,CHROME LEGEND 125 ML,Hombre,21900,36900
AZZARO,AZZARO NIGHT TIME 100 ML ,Hombre,17900,32900
AZZARO,AZZARO VISIT VARON 100 ML ,Hombre,18900,33900
AZZARO,AZZARO NOW VARON 80 ML,Hombre,14900,29900
BEYONCE,BEYONCE HEAT 100 ML,Mujer,14900,29900
BEYONCE,BEYONCE HEAT RUSH 100 ML,Mujer,14900,29900
BEYONCE,BEYONCE PULSE 100 ML,Mujer,14900,29900
BEYONCE,BEYONCE HEAT MIDNIGHT 100 ML,Mujer,14900,29900
BEBE,BEBE DAMA EDP 100 ML,Mujer,12900,27900
BRITNEY SPEARS,FANTASY MIDNIGHT 100 ML ,Mujer,21900,36900
BRITNEY SPEARS,FANTASY 100 ML ,Mujer,23900,38900
BRITNEY SPEARS,FANTASY NAUGHTY REMIX 100 ML ,Mujer,21900,36900
BRITNEY SPEARS,FANTASY ANIVERSARY 100 ML ,Mujer,21900,36900
BRITNEY SPEARS,FANTASY ROCKER FEMME EDP 100 ML NEW,Mujer,23900,38900
BRITNEY SPEARS,FANTASY STAGE EDITION LTDA EDP 100 ML NEW,Mujer,23900,38900
BRITNEY SPEARS,FANTASY NICE 100 ML,Mujer,18900,33900
BRITNEY SPEARS,BELIEVE 100 ML,Mujer,21900,36900
BRITNEY SPEARS,FANTASY ISLAND 100 ML,Mujer,16900,31900
BRITNEY SPEARS,FANTASY HIDDEN 100 ML,Mujer,16900,31900
BRITNEY SPEARS,RADIANCE 100 ML,Mujer,19900,34900
BRITNEY SPEARS,CURIOUS 100 ML ,Mujer,16900,31900
BRITNEY SPEARS,CURIOUS 100 ML TESTER,Mujer,13900,28900
BRITNEY SPEARS,CURIOUS IN CONTROL 100 ML,Mujer,16900,31900
BOND,JAMES BOND 007 75 ML TESTER,Hombre,8900,23900
BOND,OCEAN ROYALE 75 ML TESTER,Hombre,8900,23900
BOND,QUANTUM 75 ML TESTER,Hombre,8900,23900
BENETTON,HOT GOLD DAMA 100 ML ,Mujer,8900,23900
BENETTON,COLORS DAMA 100 ML,Mujer,8900,23900
BENETTON,BENETTON ROSSO DAMA 100 ML,Mujer,8900,23900
BENETTON,FUNTASTIC GIRL 100 ML TESTER,Mujer,8900,23900
BOUCHERON,BOUCHERON EDT VARON 100 ML,Hombre,24900,39900
BOUCHERON,PLACE VANDOME 100 ML ,Mujer,29900,44900
BURBERRY,BURBERRY EDP DAMA 100 ML,Mujer,25900,40900
BURBERRY,BURBERRY EDP DAMA 100 ML TESTER,Mujer,22900,37900
BURBERRY,BURBERRY EDT VARON 100 ML ,Hombre,24900,39900
BURBERRY,WEEKEND DAMA 100 ML ,Mujer,25900,40900
BURBERRY,WEEKEND DAMA 100 ML TESTER,Mujer,22900,37900
BURBERRY,WEEKEND VARON 100 ML,Hombre,24900,39900
BURBERRY,MR BURBERRY VARON 150 ML NEW,Hombre,39900,54900
BURBERRY,BURBERRY LONDON DAMA (TELA) 100 ML,Mujer,25900,40900
BURBERRY,BURBERRY LONDON VARON (TELA) 100 ML,Hombre,24900,39900
BURBERRY,BURBERRY TOUCH DAMA 100 ML,Mujer,25900,40900
BURBERRY,BURBERRY TOUCH VARON 100 ML,Hombre,24900,39900
BURBERRY,BURBERRY THE BEAT DAMA 75 ML,Mujer,25900,40900
BURBERRY,BURBERRY BRIT DAMA 100 ML,Mujer,25900,40900
BURBERRY,BURBERRY BRIT DAMA 100 ML TESTER,Mujer,20900,35900
BURBERRY,BURBERRY BRIT VARON 100 ML,Hombre,24900,39900
BURBERRY,BURBERRY BRIT SHEER DAMA 100 ML,Mujer,25900,40900
BURBERRY,BURBERRY BRIT SHEER DAMA 100 ML TESTER,Mujer,21900,36900
BURBERRY,BURBERRY BRIT RYTHM DAMA 90 ML ,Mujer,25900,40900
BURBERRY,BURBERRY BRIT RYTHM INTENSE VARON 90 ML ,Mujer,25900,40900
BURBERRY,BURBERRY BRIT RYTHM SPLASH VARON 100 ML ,Hombre,24900,39900
BURBERRY,BURBERRY BODY DAMA 85 ML ,Mujer,26900,41900
BURBERRY,BURBERRY BODY TENDER 85 ML TESTER,Mujer,25900,40900
BURBERRY,BURBERRY SPORT DAMA 75 ML ,Mujer,25900,40900
BVLGARI,BVL FEMME EDP 100 ML,Mujer,37900,52900
BVLGARI,BVL JASMIN NOIR EDP 100 ML ,Mujer,37900,52900
BVLGARI,BVL ROSE ESSENTIAL EDP 100 ML ,Mujer,37900,52900
BVLGARI,BVL OMNIA CRYSTALINE 65 ML ,Mujer,29900,44900
BVLGARI,BVL OMNIA AMATHYSTA 65 ML ,Mujer,29900,44900
BVLGARI,BVL OMNIA AMATHYSTA 65 ML TESTER,Mujer,24900,39900
BVLGARI,BVL BLUE II DAMA 75 ML,Mujer,29900,44900
BVLGARI,BVL OMNIA INDIAN GARNET 65 ML TESTER,Mujer,25900,40900
BVLGARI,BVL OMNIA AQUA DIVINA 65 ML NEW,Mujer,34900,49900
BVLGARI,BVL OMNIA PARAIBA 65 ML NEW,Mujer,34900,49900
BVLGARI,BVL MAN EDT 100 ML ,Hombre,29900,44900
BVLGARI,BVL MAN EDT 150 ML ,Hombre,35900,50900
BVLGARI,BVL MAN IN BLACK EXTREME EDP 100 ML ,Hombre,35900,50900
BVLGARI,BVL MAN IN BLACK INTENSE EDP 100 ML ,Hombre,35900,50900
BVLGARI,BVL BLUE VARON 100 ML,Hombre,29900,44900
BVLGARI,BVL POUR HOMME 100 ML ,Hombre,29900,44900
BVLGARI,BVL SOIR POUR HOMME 100 ML ,Hombre,29900,44900
BVLGARI,BVL PETITS & MAMANS 100 ML TESTER ,Niño,18900,33900
BVLGARI,BVL PETITS & MAMANS 100 ML SPRAY TESTER,Mujer,18900,33900
BVLGARI,BVL AQUA VARON 100 ML ,Hombre,29900,44900
BVLGARI,BVL AQUA VARON 100 ML TESTER,Hombre,24900,39900
BVLGARI,BVL AQUA MARINE VARON 100 ML,Hombre,29900,44900
BVLGARI,BVL AQUA AMARA VARON 100 ML TESTER,Hombre,22900,37900
CAROLINA HERRERA,212 DAMA 100 ML ,Mujer,42900,57900
CAROLINA HERRERA,212 DAMA 100 ML ESTUCHE,Mujer,46900,61900
CAROLINA HERRERA,212 SEXY DAMA 100 ML,Mujer,42900,57900
CAROLINA HERRERA,212 SEXY DAMA 100 ML TESTER,Mujer,36900,51900
CAROLINA HERRERA,212 MEN 100 ML ,Hombre,42900,57900
CAROLINA HERRERA,212 MEN 50 ML ,Hombre,29900,44900
CAROLINA HERRERA,212 SEXY MEN 100 ML ,Hombre,41900,56900
CAROLINA HERRERA,212 SUMMER VARON 100 ML,Hombre,31900,46900
CAROLINA HERRERA,212 VIP DAMA EDP 30 ML,Mujer,21900,36900
CAROLINA HERRERA,212 VIP ROSE DAMA EDP 80 ML ,Mujer,51900,66900
CAROLINA HERRERA,212 VIP WILD PARTY DAMA EDT 80 ML NEW,Mujer,43900,58900
CAROLINA HERRERA,212 VIP VARON EDT 100 ML  ,Hombre,43900,58900
CAROLINA HERRERA,212 VIP WILD PARTY VARON EDT 100 ML NEW,Hombre,43900,58900
CAROLINA HERRERA,212 VIP SUMMER VARON EDT 100 ML NEW,Hombre,43900,58900
CAROLINA HERRERA,CAROLINA HERRERA DAMA EDT 100 ML  ,Mujer,39900,54900
CAROLINA HERRERA,CAROLINA HERRERA DAMA EDT 100 ML TESTER,Mujer,35900,50900
CAROLINA HERRERA,CAROLINA HERRERA DAMA EDP 100 ML ,Mujer,45900,60900
CAROLINA HERRERA,CAROLINA HERRERA DAMA EDP 100 ML TESTER,Mujer,39900,54900
CAROLINA HERRERA,CAROLINA HERRERA VARON 50 ML   ,Hombre,31900,46900
CAROLINA HERRERA,CAROLINA HERRERA VARON 100 ML   ,Hombre,39900,54900
CAROLINA HERRERA,CAROLINA HERRERA VARON 200 ML   ,Hombre,51900,66900
CAROLINA HERRERA,CAROLINA HERRERA VARON 100 ML TESTER,Hombre,35900,50900
CAROLINA HERRERA,CHIC DAMA 80 ML  (DESCONTINUADO),Mujer,49900,64900
CAROLINA HERRERA,CHIC DAMA 80 ML TESTER  (DESCONTINUADO),Mujer,44900,59900
CAROLINA HERRERA,CHIC VARON 100 ML ,Hombre,34900,49900
CAROLINA HERRERA,CHIC VARON 100 ML TESTER,Hombre,30900,45900
CAROLINA HERRERA,CH VARON 100 ML,Hombre,44900,59900
CAROLINA HERRERA,CH VARON 100 ML ESTUCHE,Hombre,48900,63900
CAROLINA HERRERA,CH SPORT VARON 100 ML,Hombre,32900,47900
CAROLINA HERRERA,CH PRIVE VARON 100 ML NEW,Hombre,48900,63900
CAROLINA HERRERA,CH DAMA 100 ML,Mujer,49900,64900
CAROLINA HERRERA,CH LEGRAND TOUR DAMA 100 ML NEW,Mujer,53900,68900
CAROLINA HERRERA,CH SUBLIME DAMA 80 ML ,Mujer,44900,59900
CAROLINA HERRERA,CH SUBLIME DAMA 50 ML ,Mujer,37900,52900
CAROLINA HERRERA,CH SUBLIME DAMA 80 ML TESTER,Mujer,39900,54900
CAROLINA HERRERA,CH SUBLIME DAMA 80 ML ESTUCHE,Mujer,47900,62900
CRISTIANO RONALDO,LEGACY BY CRISTIANO RONALDO EDT 100 ML,Hombre,36900,51900
COACH,COACH EDP DAMA 100 ML NEW,Mujer,39900,54900
CHLOE,CHLOE 90 ML TESTER,Mujer,18900,33900
CHLOE,NARCISSE 100 ML ,Mujer,22900,37900
CHLOE,NARCISSE 100 ML ESTUCHE,Mujer,25900,40900
CACHAREL,AMOR AMOR 100 ML+ 30 ML ESTUCHE,Mujer,36900,51900
CACHAREL,AMOR AMOR FORBIDDEN KISS 100 ML,Mujer,35900,50900
CACHAREL,ANAIS ANAIS 100 ML TESTER,Mujer,26900,41900
CACHAREL,NOA DAMA 100 ML,Mujer,34900,49900
CACHAREL,CATCH ME EDP 50 ML ,Mujer,29900,44900
CACHAREL,EDEN EDP 50 ML ,Mujer,29900,44900
CACHAREL,LOU LOU EDP 50 ML,Mujer,29900,44900
CACHAREL,LOU LOU EDP 30 ML,Mujer,24900,39900
GRESS,CABOTINE DAMA EDT 100 ML ,Mujer,10900,25900
CALVIN KLEIN,CK ONE 100 ML ,Unisex,16900,31900
CALVIN KLEIN,CK ONE 200 ML ,Unisex,21900,36900
CALVIN KLEIN,CK ONE 200 ML TESTER,Unisex,17900,32900
CALVIN KLEIN,CK BE 100 ML ,Unisex,16900,31900
CALVIN KLEIN,CK BE 200 ML ,Unisex,21900,36900
CALVIN KLEIN,CK BE 200 ML TESTER,Unisex,17900,32900
CALVIN KLEIN,CK SHOCK DAMA 100 ML ,Mujer,16900,31900
CALVIN KLEIN,CK SHOCK DAMA 200 ML,Mujer,21900,36900
CALVIN KLEIN,CK SHOCK VARON 100 ML ,Hombre,16900,31900
CALVIN KLEIN,CK SHOCK VARON 200 ML ,Hombre,21900,36900
CALVIN KLEIN,CK IN 2 U DAMA 100 ML ,Mujer,16900,31900
CALVIN KLEIN,CK IN 2 U DAMA 150 ML ,Mujer,21900,36900
CALVIN KLEIN,CK IN 2 U VARON 100 ML ,Hombre,16900,31900
CALVIN KLEIN,CK IN 2 U VARON 150 ML ,Hombre,21900,36900
CALVIN KLEIN,CK ONE RED VARON EDT 100 ML,Hombre,21900,36900
CALVIN KLEIN,CK ONE RED DAMA EDT 100 ML ,Mujer,21900,36900
CALVIN KLEIN,CK REVEAL DAMA 100 ML NEW,Mujer,27900,42900
CALVIN KLEIN,CK REVEAL VARON 100 ML NEW,Hombre,27900,42900
CALVIN KLEIN,EUPHORIA DAMA EDP 100 ML ,Mujer,34900,49900
CALVIN KLEIN,EUPHORIA DAMA EDT 100 ML ,Mujer,28900,43900
CALVIN KLEIN,EUPHORIA GOLD DAMA EDP 100 ML NEW,Mujer,34900,49900
CALVIN KLEIN,EUPHORIA GOLD VARON EDT 100 ML NEW,Hombre,26900,41900
CALVIN KLEIN,EUPHORIA MEN EDT 100 ML,Hombre,27900,42900
CALVIN KLEIN,EUPHORIA MEN EDT 100 ML + AFTER SHAVE 100 ML ESTUCHE,Hombre,31900,46900
CALVIN KLEIN,EUPHORIA INTENSE VARON EDT 100 ML,Hombre,29900,44900
CALVIN KLEIN,ESCAPE DAMA EDP 100 ML ,Mujer,23900,38900
CALVIN KLEIN,ESCAPE VARON EDT 100 ML ,Mujer,22900,37900
CALVIN KLEIN,ETERNITY DAMA 100 ML  ,Mujer,23900,38900
CALVIN KLEIN,ETERNITY DAMA 100 ML TESTER,Mujer,19900,34900
CALVIN KLEIN,ETERNITY VARON 100 ML ,Hombre,22900,37900
CALVIN KLEIN,OBSESSION DAMA EDP 100 ML ,Mujer,22900,37900
CALVIN KLEIN,OBSESSION SECRET DAMA EDP 100 ML ,Mujer,22900,37900
CALVIN KLEIN,OBSESSION NIGHT DAMA EDP 100 ML ,Mujer,22900,37900
CALVIN KLEIN,OBSESSION VARON EDT 125 ML,Hombre,22900,37900
CALVIN KLEIN,OBSESSION VARON EDT 125 ML TESTER,Hombre,18900,33900
CALVIN KLEIN,OBSESSION NIGHT VARON EDT 125 ML,Hombre,22900,37900
CALVIN KLEIN,CK BEAUTY EDP 100 ML,Mujer,29900,44900
CALVIN KLEIN,CK TRUTH DAMA 100 ML,Mujer,21900,36900
CALVIN KLEIN,CK FREE 100 ML ,Hombre,21900,36900
CALVIN KLEIN,CONTRADICTION DAMA EDP 100 ML,Mujer,19900,34900
CALVIN KLEIN,CONTRADICTION VARON EDT 100 ML,Hombre,19900,34900
CARTIER,EAU DE CARTIER ZESTE DE SOLEIL EDT 100 ML,Hombre,26900,41900
CARTIER,EAU DE CARTIER ZESTE DE SOLEIL EDT 200 ML,Hombre,36900,51900
CARTIER,EAU BOIS EDT 100 ML NEW,Hombre,31900,46900
CARTIER,EAU DE CARTIER CONCENTRE 100 ML,Hombre,31900,46900
CARTIER,PASHA EDT 100 ML,Hombre,32900,47900
CARTIER,SANTOS EDT 100 ML,Hombre,32900,47900
CARTIER,ROADSTAR 100 ML ,Hombre,31900,46900
CARTIER,ROADSTAR SPORT 100 ML ,Hombre,31900,46900
CARTIER,MUST DE CARTIER 100 ML ,Mujer,31900,46900
COUTURE,COUTURE COUTURE JUICY 100 ML (OFERTA),Mujer,22900,37900
CRISTION DIOR,JADORE VOILE 100 ML NEW,Mujer,59900,74900
CRISTION DIOR,ADDICT DELICE DIOR EDT 100 ML,Mujer,59900,74900
CRISTION DIOR,ADDICT DELICE DIOR EDT 50 ML,Mujer,49900,64900
CRISTION DIOR,ADDICT FRAICHE DIOR EDT 100 ML,Mujer,59900,74900
CRISTION DIOR,ADDICT DIOR EDP 100 ML,Mujer,69900,84900
CRISTION DIOR,ADDICT DIOR EDP 30 ML,Mujer,26900,41900
CRISTION DIOR,ADDICT DIOR EDT 100 ML NEW,Mujer,56900,71900
CRISTION DIOR,MISS DIOR EDT 100 ML,Mujer,56900,71900
CRISTION DIOR,MISS DIOR BLOOMING BOUQUET 100 ML NEW,Mujer,59900,74900
CRISTION DIOR,DOLCEVITA 100 ML ,Mujer,64900,79900
CRISTION DIOR,POISON EDT 100 ML,Mujer,65900,80900
CRISTION DIOR,PURE POISON EDP 100 ML,Mujer,65900,80900
CRISTION DIOR,DUNE EDT DAMA 100 ML,Mujer,64900,79900
CRISTION DIOR,DIOR HOMME 100 ML,Hombre,49900,64900
CRISTION DIOR,DIOR HOMME 100 ML ESTUCHE,Hombre,52900,67900
CRISTION DIOR,DIOR HOMME INTENSE 100 ML NEW,Hombre,53900,68900
CRISTION DIOR,DIOR HOMME SPORT 100 ML,Hombre,49900,64900
CRISTION DIOR,FAHRENHEIT EDT 50 ML,Hombre,34900,49900
CRISTION DIOR,FAHRENHEIT EDT 100 ML,Hombre,54900,69900
CANDY CRUSH,CANDY CRUSH EDP 75 ML,Unisex,16900,31900
CUBA,CUBA DAMA O VARON 35 ML ,Unisex,2900,17900
CUBA,CUBA DAMA O VARON 100 ML,Unisex,4900,19900
CUBA,BALDE CUBA DAMA O VARON 100 ML ESTUCHE,Unisex,15900,30900
CLINIQUE,HAPPY CLINIQUE 100 ML,Mujer,31900,46900
CLINIQUE,HAPPY HEART CLINIQUE 100 ML,Mujer,31900,46900
CLINIQUE,AROMATICS IN WHITE 100 ML NEW,Mujer,34900,49900
CLINIQUE,AROMATICS IN BLACK 100 ML NEW,Mujer,34900,49900
DOLCE & GABBANA,LIGHT BLUE DAMA EDT 100 ML ,Mujer,42900,57900
DOLCE & GABBANA,LIGHT BLUE DAMA EDT 50 ML ,Mujer,32900,47900
DOLCE & GABBANA,LIGHT BLUE DAMA EDT 100 ML TESTER,Mujer,37900,52900
DOLCE & GABBANA,LIGHT BLUE VARON EDT 75 ML,Hombre,30900,45900
DOLCE & GABBANA,LIGHT BLUE VARON EDT 125 ML,Hombre,38900,53900
DOLCE & GABBANA,LIGHT BLUE VARON EDT 200 ML,Hombre,46900,61900
DOLCE & GABBANA,LIGHT BLUE VARON EDT 125 ML TESTER,Hombre,33900,48900
DOLCE & GABBANA,THE ONE COLLECTOR DAMA 75 ML TESTER,Mujer,36900,51900
DOLCE & GABBANA,THE ONE L' EAU DAMA 75 ML ,Mujer,28900,43900
DOLCE & GABBANA,THE ONE DESIRE DAMA 75 ML ,Mujer,44900,59900
DOLCE & GABBANA,THE ONE GENTLEMAN 50 ML,Hombre,25900,40900
DOLCE & GABBANA,THE ONE EDT VARON 100 ML ,Hombre,36900,51900
DOLCE & GABBANA,THE ONE EDT VARON 100 ML ESTUCHE,Hombre,41900,56900
DOLCE & GABBANA,THE ONE EDT VARON 100 ML TESTER,Hombre,32900,47900
DOLCE & GABBANA,DOLCE GABBANA VARON 125 ML  ,Hombre,36900,51900
DOLCE & GABBANA,DOLCE GABBANA VARON 125 ML TESTER,Hombre,32900,47900
DOLCE & GABBANA,DOLCE GABBANA INTENSO EDP VARON 125 ML  ,Hombre,39900,54900
DOLCE & GABBANA,DOLCE FLORAL DROPS EDP 75 ML NEW,Mujer,44900,59900
DOLCE & GABBANA,D & G L' IMPERATICE N° 3  100 ML ,Mujer,41900,56900
DOLCE & GABBANA,D & G TO FEMA ESSENCE EDP 65 ML TESTER,Mujer,36900,51900
DOLCE & GABBANA,D & G LA TEMPERANCE N°14 100 ML TESTER,Mujer,22900,37900
DOLCE & GABBANA,D & G LE FOU N°21 100 ML TESTER,Hombre,29900,44900
DADDY YANKEE,DADDY YANKEE VARON 100 ML ,Hombre,10900,25900
DAVIDOFF,COOL WATER VARON EDT 125 ML,Hombre,21900,36900
DAVIDOFF,COOL WATER DAMA EDT 100 ML ,Mujer,21900,36900
DAVIDOFF,COOL WATER DAMA EDT 100 ML TESTER,Mujer,16900,31900
DISNEY,RIO ANGRY BIRDS 100 ML,Unisex,8900,23900
DISNEY,PAW PATROL 100 ML ESTUCHE,NIño,12900,27900
DISNEY,MICKEY 100 ML,Niño,8900,23900
DISNEY,AVANGERS 100 ML,Niño,10900,25900
DISNEY,AVANGERS BODY SPRAY 100 ML  ESTUCHE,Niño,12900,27900
DISNEY,HELLO KITTY 100 ML,Niña,9900,24900
DISNEY,PEPPA PIG 50 ML,Niña,9900,24900
DISNEY,PEPPA PIG  BODY SPRAY 200 ML,Niña,9900,24900
DISNEY,PEPPA PIG GEL DE DUCHA 200 ML,Niña,9900,24900
DISNEY,PEPPA PIG GEL DE DUCHA 300 ML ,Niña,11900,26900
DISNEY,PEPPA PIG MINIATURA 7 ML ,Niña,3900,18900
DISNEY,PEPPA PIG 50 ML ESTUCHE,Niña,11900,26900
DISNEY,DISNEY 100 ML TESTER,Unisex,7900,22900
DISNEY,DISNEY PRINCESA 100 ML ,Niña,9900,24900
DISNEY,DISNEY PRINCESA 50 ML ESTUCHE,Niña,10900,25900
DISNEY,DISNEY PRINCESA 100 ML ESTUCHE,Niña,12900,27900
DISNEY,MINIONS 100 ML ,Unisex,9900,24900
DISNEY,MINIONS 50 ML ESTUCHE,Unisex,10900,25900
DISNEY,MINIONS BODY SPRAY 200 ML,Unisex,9900,24900
DISNEY,BARBIE 100 ML,Niña,9900,24900
DISNEY,BARBIE 50 ML ESTUCHE,Niña,10900,25900
DISNEY,FROZEN 100 ML,Niña,11900,26900
DISNEY,FROZEN BODY SPRAY 200 ML,Niña,9900,24900
DISNEY,FROZEN MINIATURA 7 ML,Niña,3900,18900
DISNEY,FROZEN 30 ML ESTUCHE,Niña,9900,24900
DISNEY,FROZEN 100 ML ESTUCHE,Niña,12900,27900
DISNEY,VIOLETTA 100 ML ,Niña,11900,26900
DISNEY,VIOLETTA BODY SPRAY 200 ML,Niña,9900,24900
DISNEY,CARS EDT 100 ML ESTUCHE,Niño,12900,27900
DISNEY,SPIDERMAN 100 ML,Niño,10900,25900
DISNEY,BATMAN 100 ML,Niño,10900,25900
DISNEY,SPIDERMAN 100 ML ESTUCHE,Niño,12900,27900
DISNEY,SUPERMAN 100 ML ESTUCHE,Niño,12900,27900
DIESEL,FUEL FOR LIFE DAMA 75 ML,Mujer,42900,57900
DIESEL,FUEL FOR LIFE VARON 75 ML,Hombre,41900,56900
DIESEL,ONLY THE BRAVE  75 ML,Hombre,39900,54900
DIESEL,ONLY THE BRAVE TATTO 75 ML,Hombre,39900,54900
DIESEL,ONLY THE BRAVE WILD VARON 125 ML NEW,Hombre,43900,58900
DIESEL,LOVERDOSE EDT 75 ML ,Mujer,34900,49900
DIESEL,LOVERDOSE EDP 75 ML ,Mujer,41900,56900
DIESEL,LOVERDOSE RED KISS EDP 75 ML NEW,Mujer,43900,58900
DIESEL,LOVERDOSE TATTO EDP 75 ML NEW,Mujer,41900,56900
DIESEL,ZERO PLUS DAMA 75 ML ,Mujer,8900,23900
DIESEL,DIESEL PLUS PLUS DAMA 75 ML,Mujer,8900,23900
DONNA KARAN,MY DKNY DAMA EDP 100 ML NEW,Mujer,32900,47900
DONNA KARAN,DKNY TORRE DAMA EDP 100 ML,Mujer,29900,44900
DONNA KARAN,DKNY TORRE DAMA EDT 50 ML,Mujer,21900,36900
DONNA KARAN,DKNY FALL LIMITED EDITION 100 ML TESTER NEW,Mujer,21900,36900
DONNA KARAN,DKNY TORRE VARON EDT 100 ML ,Hombre,29900,44900
DONNA KARAN,DKNY TORRE VARON EDT 100 ML TESTER,Hombre,26900,41900
DONNA KARAN,DKNY MAN EDT 100 ML ,Hombre,27900,42900
DONNA KARAN,BE DELICIOUS VARON EDT 100 ML,Mujer,29900,44900
DONNA KARAN,BE DELICIOUS DAMA EDP 100 ML (VERDE),Mujer,29900,44900
DONNA KARAN,FRESH BLOSSOM 100 ML (BLANCO),Mujer,31900,46900
DONNA KARAN,GOLDEN DELICIOUS 100 ML (DORADO),Mujer,33900,48900
DONNA KARAN,BE DELICIOUS NIGHT DAMA 100 ML (NEGRO),Mujer,34900,49900
DONNA KARAN,RED DELICIOUS DAMA 100 ML (ROJO)  TESTER,Mujer,29900,44900
DONNA KARAN,DKNY PURE EDP 100 ML,Mujer,28900,43900
DUNHILL,DESIRE BLUE 100 ML VARON TESTER,Hombre,19900,34900
DUNHILL,DESIRE RED 100 ML VARON TESTER,Hombre,19900,34900
ELIZABETH ARDEN,5TH AVENUE 125 ML ,Mujer,21900,36900
ELIZABETH ARDEN,RED DOOR 100 ML ,Mujer,32900,47900
ELIZABETH ARDEN,RED DOOR 100 ML ESTUCHE,Mujer,36900,51900
ELIZABETH ARDEN,RED DOOR AURA EDT 100 ML,Mujer,27900,42900
ELIZABETH ARDEN,RED DOOR EDP SHIMMER 100 ML NEW,Mujer,23900,38900
ELIZABETH ARDEN,ARDEN BEAUTY 100 ML,Mujer,15900,30900
ELIZABETH ARDEN,WHITE DIAMONDS 100 ML,Mujer,17900,32900
ELIZABETH ARDEN,SUN FLOWER 100 ML ,Mujer,13900,28900
ELIZABETH ARDEN,GREEN TEA 100 ML,Mujer,13900,28900
ERMENEGILDO ZEGNA,Z ZEGNA 100 ML,Hombre,24900,39900
ERMENEGILDO ZEGNA,Z INTENSO 100 ML,Hombre,24900,39900
ERMENEGILDO ZEGNA,Z FORTE 100 ML ,Hombre,24900,39900
EMANUEL UNGARO,UNGARO III EDT 100 ML,Hombre,13900,28900
EMANUEL UNGARO,UNGARO III PARFUM AROMATIC EDT 100 ML NEW,Hombre,14900,29900
EMANUEL UNGARO,UNGARO MAN 90 ML ,Hombre,14900,29900
EMANUEL UNGARO,UNGARO PARTY 90 ML ,Mujer,15900,30900
EMANUEL UNGARO,UNGARO WOMAN 90 ML ,Mujer,14900,29900
ESCADA,MAGNETISM ESCADA EDP 75 ML,Mujer,31900,46900
ESCADA,MAGNETISM ESCADA EDP 50 ML,Mujer,26900,41900
ESCADA,ESCADA JOYFUL 75 ML TESTER,Mujer,19900,34900
ESTEE LAUDER,PLEASURES EDT VARON 100 ML ,Mujer,29900,44900
ESTEE LAUDER,BEAUTIFUL EDP 75 ML ,Mujer,46900,61900
ESTEE LAUDER,EL SENSUOUS EDP 100 ML NEW,Mujer,43900,58900
ESTEE LAUDER,MODERN MUSE EDP 100 ML,Mujer,43900,58900
ESTEE LAUDER,MODERN MUSE CHIC EDP 100 ML ,Mujer,43900,58900
ESTEE LAUDER,MODERN MUSE EAU ROUGE EDP 100 ML NEW,Mujer,43900,58900
FERRARI,FERRARI BLACK 125 ML ,Hombre,20900,35900
FERRARI,FERRARI BLACK 125 ML TESTER,Hombre,17900,32900
FERRARI,FERRARI RED 125 ML ,Hombre,20900,35900
GIORGIO ARMANI,ACQUA DI GIO EDT VARON 100 ML ,Hombre,42900,57900
GIORGIO ARMANI,ACQUA DI GIO EDT VARON 100 ML ESTUCHE,Hombre,46900,61900
GIORGIO ARMANI,ACQUA DI GIO EDT VARON 100 ML + 20 ML ESTUCHE,Hombre,51900,66900
GIORGIO ARMANI,ACQUA DI GIO EDT VARON 200 ML ,Hombre,58900,73900
GIORGIO ARMANI,ACQUA DI GIO PROFUMO 75 ML ,Hombre,44900,59900
GIORGIO ARMANI,ACQUA DI GIO PROFUMO 125 ML ,Hombre,53900,68900
GIORGIO ARMANI,ACQUA DI GIO PROFUMO 180 ML ,Hombre,63900,78900
GIORGIO ARMANI,ACQUA DI GIO DAMA 100 ML,Mujer,49900,64900
GIORGIO ARMANI,ACQUA DI GIOIA AIR EDP 100 ML NEW,Mujer,53900,68900
GIORGIO ARMANI,ACQUA DI GIOIA SUN EDP 100 ML NEW,Mujer,53900,68900
GIORGIO ARMANI,ACQUA DI GIOIA EDP DAMA 100 ML  ,Mujer,44900,59900
GIORGIO ARMANI,ACQUA DI GIOIA EDP DAMA 100 ML ESTUCHE,Mujer,48900,63900
GIORGIO ARMANI,ACQUA DI GIOIA EDT DAMA 100 ML,Mujer,38900,53900
GIORGIO ARMANI,ACQUA DI GIO ESSENZA VARON 75 ML ,Hombre,42900,57900
GIORGIO ARMANI,ACQUA DI GIO ESSENZA VARON 180 ML ,Hombre,56900,71900
GIORGIO ARMANI,SI ARMANI 100 ML,Mujer,54900,69900
GIORGIO ARMANI,SI ARMANI  INTENSE 100 ML,Mujer,66900,81900
GIORGIO ARMANI,EMPORIO HE EDT VARON 100 ML,Hombre,43900,58900
GIORGIO ARMANI,EMPORIO SHE EDP DAMA 100 ML,Mujer,45900,60900
GIORGIO ARMANI,ARMANI CODE VARON 75 ML ESTUCHE,Hombre,42900,57900
GIORGIO ARMANI,ARMANI CODE VARON 125 ML ,Hombre,49900,64900
GIORGIO ARMANI,ARMANI CODE PROFUMO EDP VARON 110 ML NEW,Hombre,59900,74900
GIORGIO ARMANI,ARMANI CODE ICE 75 ML,Hombre,39900,54900
GIORGIO ARMANI,ARMANI CODE ICE 125 ML,Hombre,49900,64900
GIORGIO ARMANI,ARMANI CODE DAMA EDP 75 ML ,Mujer,42900,57900
GIORGIO ARMANI,ARMANI CODE DAMA EDP 75 ML ESTUCHE,Mujer,46900,61900
GIORGIO ARMANI,DIAMONDS DAMA EDP 100 ML ,Mujer,48900,63900
GIORGIO ARMANI,DIAMONDS VARON EDT 75 ML ,Hombre,39900,54900
GIORGIO ARMANI,ARMANI MANIA DAMA 75 ML,Mujer,46900,61900
G. BEVERLY HILLS,GIORGIO BEVERLY HILLS 90 ML (AMARILLO),Mujer,19900,34900
G. BEVERLY HILLS,G GIORGIO BEVERLY HILLS 90 ML (MORADO),Mujer,19900,34900
GIVENCHY,XERYUS ROUGE 100 ML ,Hombre,32900,47900
GIVENCHY,GIVENCHY POUR HOMME VARON 100 ML,Hombre,29900,44900
GIVENCHY,GIVENCHY BLUE LABEL 100 ML ,Hombre,32900,47900
GIVENCHY,VERY IRRESISTIBLE DAMA EDT 75 ML ,Mujer,37900,52900
GIVENCHY,VERY IRRESISTIBLE ELECTRIC ROSE EDT 75 ML ,Mujer,29900,44900
GIVENCHY,VERY IRRESISTIBLE CROISIERE EDT 75 ML ,Mujer,34900,49900
GIVENCHY,ANGE OU DEMON EDP 100 ML,Mujer,46900,61900
GIVENCHY,ANGE OU DEMON EDP 50 ML,Mujer,37900,52900
GIVENCHY,ANGE OU DEMON LE SECRET EDP 100 ML ,Mujer,46900,61900
GIVENCHY,ANGE OU DEMON LE SECRET EDP 50 ML ,Mujer,37900,52900
GIVENCHY,ANGE OU DEMON LE SECRET ELIXIR EDP 100 ML ,Mujer,46900,61900
GIVENCHY,PLAY DAMA EDP 50 ML,Mujer,26900,41900
GIVENCHY,PLAY DAMA EDP 75 ML,Mujer,34900,49900
GIVENCHY,PLAY INTENSE DAMA EDP 75 ML ,Mujer,34900,49900
GIVENCHY,PLAY VARON 100 ML,Hombre,33900,48900
GIVENCHY,PLAY INTENSE VARON 150 ML,Hombre,41900,56900
GIVENCHY,PLAY INTENSE VARON 50 ML,Hombre,26900,41900
GIVENCHY,PI GIVENCHY 100 ML ,Hombre,36900,51900
GIVENCHY,PI NEO GIVENCHY EDT 50 ML ,Hombre,26900,41900
GIVENCHY,INSENSE ULTRAMARINE 100 ML,Hombre,28900,43900
GIVENCHY,HOT COUTURE EDP 100 ML ,Mujer,49900,64900
GIVENCHY,YSATIS GIVENCHY 100 ML,Mujer,44900,59900
GIVENCHY,ORGANZA EDP GIVENCHY 100 ML ,Mujer,45900,60900
GIVENCHY,EXTRAVAGANCE 100 ML ,Mujer,44900,59900
GIVENCHY,AMARIGE GIVENCHY 100 ML,Mujer,44900,59900
GIVENCHY,AMARIGE GIVENCHY 30 ML,Mujer,23900,38900
GUESS,GUESS DAMA EDP 75 ML TESTER,Mujer,16900,31900
GUERLAIN,SAMSARA EDT 100 ML,Mujer,39900,54900
GUCCI,GUCCI SPORT VARON 90 ML TESTER,Hombre,31900,46900
GUCCI,GUCCI GUILTY DIAMOND DAMA 50 ML TESTER,Mujer,27900,42900
GUCCI,GUCCI BY GUCCI MEAUSSURE 90 ML TESTER,Hombre,32900,47900
GUCCI,GUCCI FLORA EDT 75 ML TESTER,Mujer,34900,49900
GUCCI,GUCCI FLORA FRAICHE 75 ML TESTER,Mujer,34900,49900
GUCCI,GUCCI PREMIER EDP 75 ML ,Mujer,39900,54900
GUCCI,GUCCI ENVY ME EDP 100 ML TESTER,Mujer,34900,49900
GUCCI,GUCCI GUILTY BLACK DAMA EDT 75 ML ,Mujer,39900,54900
GUCCI,GUCCI FLORA GARDEN MAGNOLIA EDT 100 ML,Mujer,39900,54900
GUCCI,GUCCI FLORA GARDENIA EDT 100 ML TESTER,Mujer,34900,49900
GUCCI,GUCCI FLORA MANDARIN EDT 100 ML TESTER,Mujer,34900,49900
GUCCI,GUCCI RUSH EDT 75 ML,Mujer,46900,61900
GUY LAROCHE,DRAKKAR NOIR 100 ML  ,Hombre,21900,36900
GUY LAROCHE,DRAKKAR NOIR 200 ML  ,Hombre,30900,45900
GUY LAROCHE,DRAKKAR NOIR ESSENCE 200 ML  ,Hombre,29900,44900
GLORIA VANDERBILT,GLORIA VANDERBILT 100 ML,Mujer,11900,26900
HERMES,TERRE D'HERMES EDT VARON 100 ML,Hombre,69900,84900
HERMES,TERRE D'HERMES EDT VARON 100 ML TESTER,Hombre,59900,74900
HERMES,VOYAGE D'HERMES EDT VARON 100 ML TESTER,Hombre,59900,74900
HOLLYSTER,HOLLYSTER WAVE DAMA 100 ML NEW,Mujer,19900,34900
HOLLYSTER,HOLLYSTER WAVE VARON 100 ML NEW,Hombre,19900,34900
HALSTON ,HALSTON Z-14 EDT 125 ML ,Hombre,14900,29900
HALSTON ,HALSTON Z-14 EDT 125 ML ESTUCHE,Hombre,18900,33900
HUGO BOSS,BOSS BOTTLE  N° 6  100 ML (GRIS),Hombre,31900,46900
HUGO BOSS,BOSS BOTTLE  N° 6  50 ML (GRIS),Hombre,19900,34900
HUGO BOSS,BOSS BOTTLE  N° 6 100 ML TESTER (GRIS),Hombre,25900,40900
HUGO BOSS,BOSS BOTTLE INTENSE 100 ML,Hombre,32900,47900
HUGO BOSS,BOSS BOTTLE COLLECTOR BLACK 100 ML,Hombre,32900,47900
HUGO BOSS,BOSS UNLIMITED 100 ML (BLANCO),Hombre,32900,47900
HUGO BOSS,BOSS THE SCENT EDT 100 ML ,Hombre,42900,57900
HUGO BOSS,BOSS NIGHT VARON 50 ML,Hombre,19900,34900
HUGO BOSS,BOSS NIGHT VARON 100 ML ,Hombre,29900,44900
HUGO BOSS,BOSS NIGHT VARON 200 ML ,Hombre,42900,57900
HUGO BOSS,BOSS NIGHT VARON 100 ML TESTER,Hombre,25900,40900
HUGO BOSS,BOSS ORANGE EDT VARON 100 ML ,Hombre,29900,44900
HUGO BOSS,BOSS INMOTION 90 ML ,Hombre,28900,43900
HUGO BOSS,BOSS JOUR EDP 75 ML ,Mujer,29900,44900
HUGO BOSS,BOSS NUIT EDP 75 ML ,Mujer,29900,44900
HUGO BOSS,BOSS NUIT INTENSE EDP 75 ML ,Mujer,32900,47900
HUGO BOSS,BOSS SELECTION VARON 90 ML ,Hombre,29900,44900
HUGO BOSS,HUGO XX DAMA 100 ML,Mujer,24900,39900
HUGO BOSS,HUGO XY VARON 100 ML,Hombre,24900,39900
HUGO BOSS,HUGO ENERGIZE VARON  EDT 75 ML ,Hombre,26900,41900
HUGO BOSS,BOSS FEMME EDP 75 ML ,Mujer,32900,47900
HUGO BOSS,BOSS WOMAN ( MEDIA LUNA ) 90 ML,Mujer,31900,46900
HUGO BOSS,BOSS WOMAN EXTREME EDP 75 ML NEW,Mujer,33900,48900
HUGO BOSS,HUGO WOMAN EDP 75 ML TESTER ,Mujer,29900,44900
HUGO BOSS,HUGO CANTIMPLORA VARON 125 ML ,Hombre,32900,47900
HUGO BOSS,HUGO CANTIMPLORA VARON 200 ML ,Hombre,40900,55900
HUGO BOSS,HUGO RED VARON 75 ML  ,Hombre,23900,38900
HUGO BOSS,HUGO RED VARON 125 ML ,Hombre,31900,46900
HUGO BOSS,HUGO RED VARON 200 ML ,Hombre,39900,54900
HUGO BOSS,HUGO JUST DIFFERENT 100 ML,Hombre,28900,43900
HUGO BOSS,HUGO JUST DIFFERENT 150 ML,Hombre,32900,47900
HUGO BOSS,HUGO JUST DIFFERENT 200 ML,Hombre,39900,54900
HUGO BOSS,HUGO DEEP RED 90 ML ,Mujer,32900,47900
HUGO BOSS,BOSS MAVIE DAMA 75 ML NEW,Mujer,37900,52900
HUGO BOSS,DARK BLUE VARON 75 ML ,Hombre,28900,43900
HUGO BOSS,BOSS N° 1 VARON 125 ML,Hombre,26900,41900
HUGO BOSS,BOSS SOUL 90 ML,Hombre,29900,44900
HUGO BOSS,HUGO ELEMENT 90 ML ,Hombre,28900,43900
ISSEY MIYAKE,ISSEY MIYAKE VARON 125 ML ,Hombre,39900,54900
ISSEY MIYAKE,ISSEY MIYAKE NUIT VARON 125 ML ESTUCHE,Hombre,41900,56900
ISSEY MIYAKE,ISSEY MIYAKE NUIT VARON 75 ML ESTUCHE,Hombre,36900,51900
ISSEY MIYAKE,ISSEY MIYAKE DAMA 100 ML  ,Mujer,39900,54900
JESSICA SIMPSON,FANCY NIGHT 100 ML,Mujer,9900,24900
JESUS DEL POZO,HALLOWEEN EDT DAMA 100 ML ,Mujer,19900,34900
JESUS DEL POZO,HALLOWEEN EDT DAMA 100 ML TESTER,Mujer,15900,30900
JESUS DEL POZO,HALLOWEEN EDT DAMA 30 ML ,Mujer,9900,24900
JESUS DEL POZO,HALLOWEEN FEVER EDP DAMA 100 ML ,Mujer,19900,34900
JESUS DEL POZO,HALLOWEEN FEVER EDP DAMA 100 ML TESTER,Mujer,16900,31900
JESUS DEL POZO,HALLOWEEN FRESIA 100 ML ,Mujer,18900,33900
JESUS DEL POZO,HALLOWEEN FLEUR 100 ML ,Mujer,18900,33900
JESUS DEL POZO,HALLOWEEN WATER LILY 100 ML ,Mujer,18900,33900
JESUS DEL POZO,HALLOWEEN KISS 100 ML,Mujer,19900,34900
JESUS DEL POZO,HALLOWEEN SEXY KISS 100 ML,Mujer,19900,34900
JESUS DEL POZO,HALLOWEEN BLUE DROP 100 ML ,Mujer,20900,35900
JESUS DEL POZO,HALLOWEEN BLUE DROP 100 ML + HALLOWEEN 30 ML ESTUCHE,Mujer,29900,44900
JESUS DEL POZO,HALLOWEEN 100 ML + HALLOWEEN BLUE DROP 30 ML ESTUCHE,Mujer,29900,44900
JESUS DEL POZO,HALLOWEEN BLUE DROP 100 ML TESTER,Mujer,17900,32900
JESUS DEL POZO,HALLOWEEN SUN 100 ML ,Mujer,18900,33900
JESUS DEL POZO,HALLOWEEN DAMA TATTO EDT 100 ML NEW,Mujer,19900,34900
JESUS DEL POZO,HALLOWEEN SHOT DAMA 100 ML ,Mujer,24900,39900
JESUS DEL POZO,HALLOWEEN SHOT DAMA 100 ML + 30 ML ESTUCHE,Mujer,29900,44900
JESUS DEL POZO,HALLOWEEN SHOT DAMA 100 ML TESTER,Mujer,19900,34900
JESUS DEL POZO,HALLOWEEN MAN VARON 125 ML ,Hombre,25900,40900
JESUS DEL POZO,HALLOWEEN SHOT VARON 125 ML ,Hombre,25900,40900
JESUS DEL POZO,HALLOWEEN SHOT VARON 125 ML TESTER,Hombre,19900,34900
JESUS DEL POZO,HALLOWEEN MAN ROCK ON 125 ML ,Hombre,24900,39900
JESUS DEL POZO,HALLOWEEN MAN ROCK ON 125 ML TESTER,Hombre,19900,34900
JESUS DEL POZO,ESENCIA DUENDE 100 ML (DESCONTINUADO),Mujer,28900,43900
JESUS DEL POZO,ESENCIA DUENDE 100 ML TESTER (DESCONTINUADO),Mujer,21900,36900
JIMMY CHOO,JIMMY CHOO EDP 100 ML ,Mujer,27900,42900
JIMMY CHOO,JIMMY CHOO EDT 100 ML TESTER,Mujer,16900,31900
JIMMY CHOO,JIMMY CHOO VARON EDT 100 ML ,Hombre,24900,39900
JIMMY CHOO,JIMMY CHOO ILICIT EDP 100 ML NEW,Mujer,31900,46900
JENNIFER LOPEZ,GLOW AFTER DARK 100 ML,Mujer,16900,31900
JENNIFER LOPEZ,LIVE 100 ML,Mujer,16900,31900
JENNIFER LOPEZ,LIVE LUXE 100 ML,Mujer,16900,31900
JENNIFER LOPEZ,STILL 100 ML ,Mujer,16900,31900
JEAN PAUL GAULTIER,JEAN PAUL GAULTIER 125 ML,Hombre,35900,50900
JEAN PAUL GAULTIER,JEAN PAUL GAULTIER VARON 75 ML ESTUCHE,Hombre,31900,46900
JEAN PAUL GAULTIER,JEAN PAUL GAULTIER VARON 200 ML,Hombre,49900,64900
JEAN PAUL GAULTIER,JEAN PAUL GAULTIER TERRIBLE 75 ML ,Hombre,31900,46900
JEAN PAUL GAULTIER,JEAN PAUL GAULTIER TERRIBLE 125 ML ,Hombre,38900,53900
JEAN PAUL GAULTIER,JEAN PAUL GAULTIER BEAU 125 ML ,Hombre,38900,53900
JEAN PAUL GAULTIER,JEAN PAUL GAULTIER BEAU 75 ML ESTUCHE,Hombre,34900,49900
JEAN PAUL GAULTIER,JEAN PAUL GAULTIER DAMA 100 ML ,Mujer,39900,54900
JEAN PAUL GAULTIER,JEAN PAUL GAULTIER DAMA 100 ML TESTER,Mujer,35900,50900
JEAN PAUL GAULTIER,KOKORICO VARON 50 ML ,Hombre,23900,38900
JEANNE ARTHES,JEAN ARTHES VARON 100 ML,Hombre,4900,19900
JOOP,JOOP VARON 125 ML ,Hombre,22900,37900
JOOP,JOOP MISS WILD EDP 75 ML NEW,Mujer,21900,36900
JOVAN MUSK,JOVAN MUSK VARON 88 ML,Hombre,3900,18900
JUSTIN BIEBER,GIRLFRIEND BY JUSTIN BIEBER 100 ML ,Mujer,18900,33900
JUSTIN BIEBER,SOMEDAY BY JUSTIN BIEBER 100 ML ,Mujer,18900,33900
JUSTIN BIEBER,THE KEY BY JUSTIN BIEBER 100 ML,Mujer,20900,35900
JUSTIN BIEBER,THE KEY BY JUSTIN BIEBER 50 ML,Mujer,6900,21900
JUSTIN BIEBER,THE KEY BY JUSTIN BIEBER 100 ML TESTER,Mujer,15900,30900
KATY PERRY,KATY PERRY MEOW 100 ML ,Mujer,14900,29900
KATY PERRY,KATY PERRY PURR 100 ML ,Mujer,14900,29900
KATY PERRY,KATY PERRY MAD POTION 100 ML NEW,Mujer,14900,29900
KATY PERRY,KATY PERRY KILLER OH SO SHEER 100 ML ,Mujer,14900,29900
KATY PERRY,KATY PERRY KILLER QUEEN EDP 100 ML ,Mujer,14900,29900
KATY PERRY,KATY PERRY ROYAL REVOLUTION EDP 100 ML ,Mujer,14900,29900
KARL LAGERFIELD,KARL LAGERFIELD PARADISE DAMA EDP 85 ML,Mujer,16900,31900
KARL LAGERFIELD,KARL LAGERFIELD VARON EDT 100 ML ESTUCHE,Hombre,19900,34900
KARL LAGERFIELD,KARL LAGERFIELD VARON EDT 50 ML ESTUCHE,Hombre,12900,27900
KARL LAGERFIELD,KARL LAGERFIELD DAMA EDP 45 ML ESTUCHE,Mujer,12900,27900
KENZO,FLOWER BY KENZO EDP 100 ML ,Mujer,39900,54900
KENZO,KENZO POUR HOMME 100 ML ,Hombre,34900,49900
KENZO,KENZO NIGHT VARON 100 ML ESTUCHE,Hombre,34900,49900
KENZO,KENZO AMOUR EDP 100 ML,Mujer,44900,59900
KENZO,KENZO AMOUR EDP 100 ML ESTUCHE,Mujer,49900,64900
KENZO,KENZO AMOUR EDP 50 ML ESTUCHE,Mujer,39900,54900
KENZO,KENZO AMOUR FLORALE EDT 85 ML ,Mujer,26900,41900
KENZO,KENZO JEAU D' AMOUR EDP 100 ML NEW,Mujer,39900,54900
KENZO,L' EAU PAR KENZO DAMA 100 ML ,Mujer,32900,47900
KENZO,L' EAU PAR KENZO DAMA 30 ML ,Mujer,18900,33900
KENZO,L' EAU PAR KENZO VARON 100 ML ,Hombre,29900,44900
KENZO,L' EAU PAR KENZO VARON 50 ML ,Hombre,18900,33900
KENZO,KENZO D' ETE EDP 75 ML,Mujer,39900,54900
KENZO,KENZO JUNGLE EDT VARON 100 ML,Hombre,39900,54900
KENZO,FLOWER IN THE AIR EDT 100 ML ,Mujer,31900,46900
KENZO,FLOWER IN THE AIR EDP 100 ML ,Mujer,36900,51900
KENZO,FLOWER IN THE AIR EDP 100 ML TESTER,Mujer,31900,46900
LIZ CLAIBORNE,CURVE VARON 125 ML ESTUCHE,Hombre,28900,43900
LIZ CLAIBORNE,CURVE CRUSH DAMA 100 ML,Mujer,15900,30900
LOLITA LEMPICKA,LOLITA TRADICIONAL EDP 100 ML,Mujer,26900,41900
LOLITA LEMPICKA,LOLITA TRADICIONAL EDP 100 ML TESTER ,Mujer,22900,37900
LOLITA LEMPICKA,LOLITA TRADICIONAL EDT 50 ML ESTUCHE,Mujer,20900,35900
LOLITA LEMPICKA,LOLITA LEMPICA EDT 100 ML VARON,Hombre,26900,41900
LOLITA LEMPICKA,LOLITA L' EAU EN BLANC EDP 100 ML ,Mujer,23900,38900
LOLITA LEMPICKA,LOLITA SI EDP 80 ML ,Mujer,23900,38900
LOLITA LEMPICKA,LOLITA SI EDT 80 ML,Mujer,20900,35900
LOLITA LEMPICKA,LOLITA SI EDT 50 ML,Mujer,16900,31900
LACOSTE,TOUCH OF PINK 90 ML ,Mujer,30900,45900
LACOSTE,JOY OF PINK 90 ML,Mujer,34900,49900
LACOSTE,LOVE OF PINK 90 ML (DESCONTINUADO),Mujer,36900,51900
LACOSTE,LACOSTE POUR HOMME (GRIS) 100 ML,Hombre,29900,44900
LACOSTE,EAU LACOSTE SENSUELLE 90 ML ,Mujer,34900,49900
LACOSTE,LACOSTE LE BLANC 100 ML ,Hombre,31900,46900
LACOSTE,LACOSTE JAUNE 100 ML NEW,Hombre,31900,46900
LACOSTE,LACOSTE LE NOIR 100 ML ,Hombre,31900,46900
LACOSTE,LACOSTE LE ROUGE 100 ML,Hombre,29900,44900
LACOSTE,LACOSTE ESSENTIAL 125 ML,Hombre,31900,46900
LACOSTE,LACOSTE BOOSTER 125 ML ,Hombre,32900,47900
LACOSTE,LACOSTE RED 125 ML ,Hombre,31900,46900
LACOSTE,CHALLENGER 90 ML,Hombre,36900,51900
LACOSTE,CHALLENGER REFRESH 90 ML ,Hombre,31900,46900
LACOSTE,LACOSTE LIVE 100 ML NEW,Hombre,32900,47900
LACOSTE,LACOSTE LIVE 100 ML TESTER NEW,Hombre,27900,42900
LANVIN,ECLAT ARPAGE DAMA 100 ML ,Mujer,25900,40900
LANVIN,ECLAT ARPAGE DAMA 100 ML TESTER,Mujer,19900,34900
LANVIN,ECLAT ARPAGE VARON 100 ML,Hombre,22900,37900
LANVIN,LANVIN ME EDP 80 ML ESTUCHE,Mujer,24900,39900
LANVIN,LANVIN ME L EAU EDT 80 ML NEW,Mujer,20900,35900
LANVIN,OXYGEN DAMA EDP 75 ML ,Mujer,18900,33900
LANVIN,OXYGEN VARON EDT 100 ML,Hombre,18900,33900
LANVIN,MARRY ME EDP 80 ML,Mujer,20900,35900
LANVIN,RUMEUR ROSE EDP 100 ML,Mujer,21900,36900
LANVIN,JEANNE LANVIN 100 ML,Mujer,21900,36900
LANVIN,JEANNE COUTURE LANVIN 100 ML,Mujer,21900,36900
LAPIDUS,LAPIDUS VARON 100 ML ,Hombre,13900,28900
LAPIDUS,LAPIDUS VARON 100 ML ESTUCHE,Hombre,16900,31900
LAPIDUS,LAPIDUS WOMAN 100 ML ,Mujer,14900,29900
LAPIDUS,LAPIDUS GOLD EXTREME VARON 100 ML,Hombre,13900,28900
LAPIDUS,WHITE SOUL DAMA 100 ML,Mujer,16900,31900
LAPIDUS,CREATION 100 ML,Mujer,14900,29900
LAPIDUS,FANTASME DAMA EDT 100 ML  ,Mujer,14900,29900
LANCOME,LA VIE EST BELLE EDP 75 ML,Mujer,49900,64900
LANCOME,LA VIE EST BELLE EDP 100 ML ,Mujer,58900,73900
LANCOME,LA VIE EST BELLE EDT 100 ML ,Mujer,46900,61900
LANCOME,MIRACLE EDP 100 ML,Mujer,49900,64900
LANCOME,TRESOR EDP 100 ML,Mujer,54900,69900
LANCOME,TRESOR EDP 100 ML TESTER,Mujer,49900,64900
LANCOME,TRESOR LA NUIT EDP 75 ML NEW,Mujer,52900,67900
LANCOME,TRESOR MIDNIGHT ROSE EDP 75 ML ,Mujer,49900,64900
LANCOME,TRESOR IN LOVE 75 ML ,Mujer,42900,57900
LANCOME,HYPNOSE DAMA EDP 75 ML ,Mujer,46900,61900
LANCOME,HYPNOSE DAMA EDT 75 ML ,Mujer,36900,51900
LANCOME,HYPNOSE VARON  EDT 75 ML ,Hombre,36900,51900
LANCOME,MAGIE NOIRE DAMA EDT 75 ML ,Mujer,46900,61900
LANCOME,POEME EDP 100 ML,Mujer,49900,64900
LANCOME,O DE LANCOME DAMA 125 ML ,Mujer,36900,51900
LANCOME,O DE LANCOME DAMA 75 ML ,Mujer,29900,44900
MOLINEAUX,QUARTZ DAMA EDP 100 ML ,Mujer,19900,34900
MOLINEAUX,QUARTZ SILVER VARON 100 ML ,Hombre,12900,27900
MICHAEL KORS,WHITE MICHAEL KORS EDP 100 ML,Mujer,26900,41900
MICHAEL KORS,WHITE MICHAEL KORS EDP 50 ML,Mujer,18900,33900
MICHAEL KORS,WHITE LUMINOUS GOLD EDP 100 ML ,Mujer,26900,41900
MICHAEL KORS,SPORTY CITRUS MICHAEL KORS EDP 100 ML,Mujer,36900,51900
MICHAEL KORS,SEXY SUNSET EDP 100 ML NEW,Mujer,36900,51900
MICHAEL KORS,SEXY SUNSET EDP 100 ML TESTER NEW,Mujer,29900,44900
MICHAEL KORS,MICHAEL KORS EDP 100 ML TESTER,Mujer,29900,44900
MICHAEL KORS,GLAM JASMINE MICHAEL KORS EDP 100 ML,Mujer,36900,51900
MICHAEL KORS,HOLLYWOOD MICHAEL KORS 100 ML NEW,Mujer,36900,51900
MISCELANEO,BEWITCHED 100 ML (SIMILAR HALLOWEEN),Mujer,7900,22900
MISCELANEO,DSL PLUS PLUS DAMA 75 ML,Mujer,7900,22900
MISCELANEO,DSL EXTREME PLUS DAMA 75 ML,Mujer,7900,22900
MARC JACOBS,DAISY MARC JACOBS EDT 100 ML ,Mujer,37900,52900
MARC JACOBS,DAISY MARC JACOBS EDT 100 ML ESTUCHE,Mujer,41900,56900
MARC JACOBS,DAISY FRESH MARC JACOBS  EDT 125 ML ,Mujer,37900,52900
MARC JACOBS,DAISY DREAM MARC JACOBS 100 ML ,Mujer,37900,52900
MARC JACOBS,DAISY DREAM MARC JACOBS 100 ML ESTUCHE,Mujer,41900,56900
MONT BLANC,STARWALKER 100 ML ,Hombre,18900,33900
MONT BLANC,PRESENCE VARON EDT 75 ML,Hombre,18900,33900
MONT BLANC,INDIVIDUAL VARON EDT 75 ML,Hombre,18900,33900
MONT BLANC,INDIVIDUAL DAMA EDP 75 ML ,Mujer,22900,37900
MONT BLANC,EXCEPTIONAL VARON 75 ML ,Hombre,18900,33900
MONT BLANC,MONT BLANC LEGEND VARON 100 ML ,Hombre,26900,41900
MONT BLANC,MONT BLANC LEGEND SPIRIT VARON 100 ML NEW,Hombre,29900,44900
MONT BLANC,EMBLEM VARON EDT 100 ML ,Hombre,26900,41900
MONT BLANC,EMBLEM INTENSE VARON EDT 100 ML ,Hombre,28900,43900
MONT BLANC,EMBLEM DAMA EDP 75 ML ,Mujer,29900,44900
MONT BLANC,EMBLEM DAMA EDP 75 ML TESTER,Mujer,24900,39900
MONT BLANC,LEGEND VARON 100 ML TESTER,Hombre,22900,37900
MONT BLANC,LEGEND INTENSE VARON 100 ML TESTER,Hombre,22900,37900
MOSCHINO,LOVE LOVE 100 ML ,Mujer,29900,44900
MOSCHINO,FUNNY 100 ML ,Mujer,28900,43900
MOSCHINO,CHEAP AND CHIC MOSCHINO 100 ML,Mujer,27900,42900
MOSCHINO,HIPPY FIZZ MOSCHINO 100 ML,Mujer,27900,42900
MOSCHINO,HIPPY FIZZ MOSCHINO 50 ML ,Mujer,14900,29900
MOSCHINO,CHIC PETALS MOSCHINO 100 ML ,Mujer,27900,42900
MOSCHINO,CHIC PETALS MOSCHINO 50 ML ,Mujer,15900,30900
MOSCHINO,FOREVER MOSCHINO VARON 100 ML,Hombre,28900,43900
MOSCHINO,SILILING MOSCHINO VARON 100 ML,Hombre,29900,44900
MOSCHINO,FRESH COUTURE MOSCHINO 100 ML TESTER NEW,Mujer,26900,41900
NAUTICA,NAUTICA CLASSIC 100 ML ,Hombre,7900,22900
NAUTICA,NAUTICA CLASSIC 50 ML TESTER,Hombre,3900,18900
NAUTICA,NAUTICA BLUE 100 ML,Hombre,7900,22900
NICKY MINAJ,PINK FRIDAY BY NICKY MINAJ EDP 100 ML ,Mujer,29900,44900
NICKY MINAJ,MINAJESTY BY NICKY MINAJ EDP 100 ML ,Mujer,29900,44900
NINA RICCI,NINA EDT 80 ML,Mujer,34900,49900
NINA RICCI,NINA EDT 80 ML TESTER,Mujer,28900,43900
NINA RICCI,NINA ELIXIR 80 ML ,Mujer,41900,56900
NINA RICCI,NINA L'EAU 80 ML NEW,Mujer,34900,49900
NINA RICCI,PREMIER JOUR 100 ML ,Mujer,32900,47900
NINA RICCI,NINA L'EXTASE EDP 80 ML NEW,Mujer,46900,61900
NINA RICCI,NINA L'EXTASE EDP 30 ML NEW,Mujer,29900,44900
NINA RICCI,NINA LA TENTACION 50 ML NEW,Mujer,29900,44900
NINA RICCI,NINA DELICE EDT 80 ML NEW,Mujer,34900,49900
ONE DIRECTION,OUR MOMENT BY ONE DIRECTION 100 ML,Mujer,21900,36900
ONE DIRECTION,OUR MOMENT BY ONE DIRECTION 100 ML TESTER,Mujer,18900,33900
ONE DIRECTION,THAT MOMENT BY ONE DIRECTION 100 ML,Mujer,21900,36900
OSCAR DE LA RENTA,OSCAR DE LA RENTA DAMA 100 ML,Mujer,25900,40900
OSCAR DE LA RENTA,OSCAR DE LA RENTA DAMA 100 ML TESTER,Mujer,19900,34900
OSCAR DE LA RENTA,OSCAR DE LA RENTA EXTRAORDINARY 100 ML ,Mujer,25900,40900
OSCAR DE LA RENTA,OSCAR DE LA RENTA EXTRAORDINARY PETALE 100 ML ,Mujer,25900,40900
OSCAR DE LA RENTA,VOLUPTE 100 ML ,Mujer,21900,36900
OSCAR DE LA RENTA,VOLUPTE 100 ML ESTUCHE,Mujer,25900,40900
OSCAR DE LA RENTA,LIVE IN LOVE 100 ML,Mujer,21900,36900
OSCAR DE LA RENTA,ROSAMOR 100 ML,Mujer,16900,31900
OSCAR DE LA RENTA,SO DE LA RENTA 100 ML,Mujer,18900,33900
OSCAR DE LA RENTA,SO DE LA RENTA 100 ML ESTUCHE,Mujer,21900,36900
OSCAR DE LA RENTA,OSCAR VARON  90 ML (AMARILLO),Hombre,15900,30900
OSCAR DE LA RENTA,OSCAR POUR LUI 90 ML,Hombre,16900,31900
PUMA,PUMA VARON 40 ML + RADIO ESTUCHE,Hombre,7900,22900
PALOMA PICASSO,MINOTAURO EDT 75 ML ,Hombre,31900,46900
PALOMA PICASSO,PALOMA PICASSO EDP 100 ML,Mujer,44900,59900
PACO RABANNE,ONE MILLION 100 ML  ,Hombre,41900,56900
PACO RABANNE,ONE MILLION 200 ML ,Hombre,51900,66900
PACO RABANNE,XS BLACK VARON 100 ML ,Hombre,35900,50900
PACO RABANNE,XS BLACK VARON 50 ML + 15 ML ESTUCHE,Hombre,28900,43900
PACO RABANNE,XS BLACK VARON 100 ML TESTER,Hombre,30900,45900
PACO RABANNE,XS BLACK POTION VARON 100 ML NEW,Hombre,34900,49900
PACO RABANNE,XS BLACK DAMA 80 ML,Mujer,35900,50900
PACO RABANNE,XS BLACK LEXCES DAMA 80 ML,Mujer,34900,49900
PACO RABANNE,XS BLACK APHRODISIAQUE  80 ML NEW,Mujer,38900,53900
PACO RABANNE,ULTRAVIOLET EDT VARON 100 ML ,Hombre,31900,46900
PACO RABANNE,ULTRAVIOLET EDP DAMA 30 ML ,Mujer,20900,35900
PACO RABANNE,ULTRAVIOLET EDP DAMA 80 ML TESTER,Mujer,28900,43900
PACO RABANNE,ULTRARED DAMA 50 ML ,Mujer,26900,41900
PACO RABANNE,LADY MILLION DAMA EDP 80 ML,Mujer,43900,58900
PACO RABANNE,LADY MILLION DAMA EDP 50 ML ESTUCHE,Mujer,34900,49900
PACO RABANNE,LADY MILLION EAU MY GOLD  80 ML NEW,Mujer,37900,52900
PACO RABANNE,LADY MILLION DAMA EDT 50 ML,Mujer,29900,44900
PACO RABANNE,INVICTUS VARON EDT 100 ML ,Hombre,45900,60900
PACO RABANNE,INVICTUS VARON EDT 50 ML ,Hombre,36900,51900
PACO RABANNE,INVICTUS AQUA VARON EDT 100 ML NEW,Hombre,51900,66900
PACO RABANNE,OLYMPEA DAMA EDP 80 ML ,Mujer,54900,69900
PACO RABANNE,OLYMPEA AQUA DAMA EDT 80 ML NEW,Mujer,55900,70900
PACO RABANNE,XS PACO RABANNE EDT 100 ML,Hombre,29900,44900
PACO RABANNE,XS PACO RABANNE EDT 100 ML TESTER,Hombre,25900,40900
PACO RABANNE,PACO RABANNE EDT 100 ML,Hombre,29900,44900
PACO RABANNE,CALANDRE DAMA EDT 100 ML ,Mujer,43900,58900
PINO SILVESTRE,PINO SILVESTRE VARON EDT 125 ML ,Hombre,9900,24900
PARIS HILTON,CAN CAN  100 ML,Mujer,17900,32900
PARIS HILTON,CAN CAN BURLESQUE 100 ML,Mujer,17900,32900
PARIS HILTON,CAN CAN BODY MIST 236 ML,Mujer,6900,21900
PARIS HILTON,PARIS HILTON DAMA 100 ML ,Mujer,16900,31900
PARIS HILTON,PARIS HILTON ANIVERSARIO DAMA 100 ML NEW,Mujer,17900,32900
PARIS HILTON,PARIS HILTON BODY MIST 236 ML,Mujer,6900,21900
PARIS HILTON,JUST ME DAMA 100 ML,Mujer,16900,31900
PARIS HILTON,DAZZLE EDP 125 ML ,Mujer,17900,32900
PARIS HILTON,FAIRY DUST EDP 100 ML,Mujer,14900,29900
PARIS HILTON,SIREN EDP 100 ML ,Mujer,14900,29900
PARIS HILTON,TEASE EDP100 ML,Mujer,14900,29900
PARIS HILTON,HEIRESS 100 ML ,Mujer,16900,31900
PARIS HILTON,HEIRESS 100 ML ESTUCHE,Mujer,20900,35900
PARIS HILTON,HEIRESS BODY MIST 236 ML ,Mujer,6900,21900
RALPH LAUREN,RALPH 100 ML (CALIPSO),Mujer,41900,56900
RALPH LAUREN,RALPH LOVE EDT 100 ML NEW,Mujer,44900,59900
RALPH LAUREN,RALPH FRESH 100 ML NEW,Mujer,44900,59900
RALPH LAUREN,POLO 118 ML (VERDE),Hombre,41900,56900
RALPH LAUREN,RALPH BLUE DAMA 125 ML (DESCONTINUADO),Mujer,56900,71900
RALPH LAUREN,RALPH BLUE DAMA 40 ML (DESCONTINUADO),Mujer,36900,51900
RALPH LAUREN,POLO SPORT 125 ML ,Hombre,44900,59900
RALPH LAUREN,POLO BLUE 125 ML ,Hombre,41900,56900
RALPH LAUREN,POLO BLUE 200 ML ,Hombre,53900,68900
RALPH LAUREN,POLO BLUE 75 ML + 30 ML ESTUCHE,Hombre,36900,51900
RALPH LAUREN,POLO BLUE 125 ML + 125 ML AFTER SHAVE ESTUCHE,Hombre,49900,64900
RALPH LAUREN,POLO RED INTENSE EDP 125 ML ,Hombre,61900,76900
RALPH LAUREN,POLO RED INTENSE EDP 125 ML TESTER,Hombre,56900,71900
RALPH LAUREN,POLO RED DESK TRAY EDITION 200 ML,Hombre,53900,68900
RALPH LAUREN,POLO RED 125 ML ,Hombre,41900,56900
RALPH LAUREN,POLO RED 75 ML + 30 ML ESTUCHE,Hombre,36900,51900
RALPH LAUREN,POLO BLACK VARON 125 ML,Hombre,41900,56900
RALPH LAUREN,BIG PONY N° 1 DAMA 100 ML (CELESTE),Mujer,41900,56900
RALPH LAUREN,BIG PONY N° 2 DAMA 100 ML (ROSADO),Mujer,41900,56900
RALPH LAUREN,BIG PONY N° 3 DAMA 100 ML (AMARILLO),Mujer,41900,56900
RALPH LAUREN,BIG PONY N° 3 DAMA 100 ML (AMARILLO) TESTER,Mujer,37900,52900
RALPH LAUREN,BIG PONY N° 4 DAMA 100 ML (MORADO),Mujer,41900,56900
RALPH LAUREN,BIG PONY N° 4 DAMA 100 ML (MORADO) TESTER,Mujer,37900,52900
RALPH LAUREN,BIG PONY N° 1 VARON 125 ML (AZUL),Hombre,39900,54900
RALPH LAUREN,BIG PONY N° 2 VARON 125 ML (ROJO),Hombre,39900,54900
RALPH LAUREN,BIG PONY N° 2 VARON 125 ML (ROJO) ESTUCHE,Hombre,42900,57900
RALPH LAUREN,BIG PONY N° 3 VARON 125 ML (VERDE),Hombre,39900,54900
RALPH LAUREN,BIG PONY N° 4 VARON 125 ML (NARANJA),Hombre,39900,54900
RALPH LAUREN,ROMANCE MIDNIGHT DAMA 100 ML,Mujer,49900,64900
RALPH LAUREN,ROMANCE DAMA 100 ML,Mujer,48900,63900
RALPH LAUREN,SAFARI DAMA 75 ML,Mujer,59900,74900
RALPH LAUREN,SAFARI VARON 125 ML ,Hombre,59900,74900
REVLON,CHARLIE BLUE 100 ML,Mujer,4900,19900
REVLON,CHARLIE GOLD 100 ML,Mujer,4900,19900
REVLON,CHARLIE RED 100 ML,Mujer,4900,19900
REALM,REALM DAMA PHEROMONAS 100 ML ,Mujer,18900,33900
RIHANNA,RIHANNA RIRI EDP 100 ML ,Mujer,19900,34900
RIHANNA,RIHANNA ROUGE EDP 125 ML  ,Mujer,19900,34900
RIHANNA,RIHANNA NUDE EDP 100 ML,Mujer,19900,34900
RIHANNA,RIHANNA FLEUR EDP 100 ML ,Mujer,19900,34900
RIHANNA,RIHANNA REBELLE EDP 100 ML ESTUCHE,Mujer,23900,38900
ROCHAS,ROCHAS MAN 100 ML,Hombre,25900,40900
ROCHAS,ROCHAS FEMME 100 ML,Mujer,26900,41900
SANDORA,PERFUMES SANDORA 100 ML NEW,Unisex,5900,20900
SANDORA,COLONIAS SURTIDAS 240 ML NEW,Mujer,5900,20900
S. FERRAGAMO,ATTIMO POUR HOMME 60 ML ,Hombre,12900,27900
S. FERRAGAMO,TUSCAN SOUL EDT 75 ML,Hombre,16900,31900
S. FERRAGAMO,ATTIMO FLORALE 100 ML,Mujer,16900,31900
S. FERRAGAMO,ACQUA ESSENZIALE VARON EDT 100 ML TESTER,Hombre,19900,34900
S. FERRAGAMO,ACQUA ESSENZIALE BLU EDT VARON 100 ML TESTER,Hombre,19900,34900
S. FERRAGAMO,EMOZIONE DAMA EDP 92 ML TESTER,Mujer,21900,36900
SALVADOR DALI,LAGUNA DAMA EDT 100 ML,Mujer,19900,34900
SALVADOR DALI,EAU DE RUBYLIPS EDT 100 ML ,Mujer,19900,34900
SEX CITY,SEX IN THE CITY VARON 100 ML,Hombre,1500,16500
SEX CITY,SEX IN THE CITY DAMA 12 PIEZAS 100 ML ESTUCHE,Mujer,7900,22900
SHAKIRA,SHAKIRA 80 ML,Mujer,16900,31900
SHAKIRA,SHAKIRA 80 ML TESTER,Mujer,12900,27900
SHAKIRA,SHAKIRA ELIXIR 80 ML,Mujer,16900,31900
SHAKIRA,SHAKIRA ELIXIR 80 ML TESTER,Mujer,12900,27900
SHAKIRA,SHAKIRA ROCK 80 ML,Mujer,16900,31900
SHAKIRA,SHAKIRA ROCK 80 ML TESTER,Mujer,12900,27900
SHAKIRA,SHAKIRA WILD ELIXIR 80 ML,Mujer,16900,31900
SHAKIRA,SHAKIRA WILD ELIXIR 80 ML TESTER,Mujer,12900,27900
SWISS ARMY,SWISS ARMY DAMA 100 ML ,Mujer,21900,36900
SWISS ARMY,SWISS ARMY VARON 100 ML ,Hombre,21900,36900
SWISS ARMY,SWISS ARMY ALTITUDE 100 ML,Hombre,21900,36900
SWISS ARMY,SWISS ARMY UNLIMITED 75 ML (RECARGABLE),Hombre,18900,33900
TERRY MUGLER,ANGEL DAMA EDP 100 ML,Mujer,59900,74900
TERRY MUGLER,ANGEL DAMA EDP 50 ML,Mujer,49900,64900
TERRY MUGLER,ANGEL EAU SUCREE 50 ML,Mujer,38900,53900
TERRY MUGLER,MUGLER SHOW EDT 50 ML,Mujer,38900,53900
TERRY MUGLER,ALIEN EAU EXTRAORDINAIRE 60 ML NEW,Mujer,38900,53900
TERRY MUGLER,AMEN MEN EDT 100 ML ,Hombre,39900,54900
TERRY MUGLER,AMEN URBAN 100 ML,Hombre,39900,54900
TERRY MUGLER,AMEN PURE ENERGY 100 ML,Hombre,39900,54900
TOUS,TOUS GOLD EDP 90 ML ,Mujer,25900,40900
TOUS,TOUS SILVER EDT 90 ML ,Mujer,25900,40900
TOMMY,TOMMY GIRL 100 ML,Mujer,17900,32900
TOMMY,TOMMY BRIGHTS CITRUS DAMA 100 ML NEW,Mujer,19900,34900
TOMMY,TOMMY BRIGHTS NEON DAMA 100 ML TESTER,Hombre,16900,31900
TOMMY,TOMMY VARON 100 ML,Hombre,17900,32900
TOMMY,TOMMY VARON 200 ML ,Hombre,27900,42900
TOMMY,TOMMY BRIGHTS CITRUS VARON 100 ML NEW,Hombre,19900,34900
TOMMY,TOMMY BRIGHTS NEON VARON 100 ML TESTER,Hombre,16900,31900
TOMMY,FREEDOM VARON 100 ML ,Hombre,31900,46900
VELENTINO,VALENTINO UOMO EDT 100 ML ,Hombre,41900,56900
VELENTINO,AQUA FLORALE EDT 80 ML,Mujer,43900,58900
VELENTINO,ASSOLUTO INTENSE EDP 80 ML NEW,Mujer,49900,64900
VICTORIA SECRET,COLONIAS VICTORIA SECRET 250 ML ,Mujer,6900,21900
VICTORIA SECRET,CREMAS VICTORIA SECRET 250 ML ,Mujer,7900,22900
VIKTOR & ROLF,SPICEBOMB VARON 90 ML ,Hombre,72900,87900
VAN CLEEF,FIRST DAMA EDP 60 ML,Mujer,16900,31900
VAN CLEEF,REVE EDP 50 ML,Mujer,16900,31900
VAN CLEEF,ORIENS EDP 50 ML ESTUCHE,Mujer,16900,31900
VAN CLEEF,AVANT GARDEN EDT 50 ML ESTUCHE,Hombre,21900,36900
VAN CLEEF,FEERIE EDP 100 ML ,Mujer,31900,46900
VAN CLEEF,FEERIE EDP 100 ML TESTER,Mujer,26900,41900
VAN CLEEF,TSAR 100 ML ,Hombre,28900,43900
VERSACE,VERSACE EAU FRAICHE VARON 100 ML,Hombre,34900,49900
VERSACE,VERSACE MAN EDT 100 ML,Hombre,34900,49900
VERSACE,DREAMER EDT 100 ML,Hombre,34900,49900
VERSACE,VANITAS DE VERSACE EDP 100 ML ,Mujer,39900,54900
VERSACE,VANITAS DE VERSACE EDP 50 ML ,Mujer,26900,41900
VERSACE,BRIGHT CRYSTAL 90 ML ,Mujer,39900,54900
VERSACE,VERSACE WOMAN EDP 100 ML ,Mujer,39900,54900
VERSACE,VERSACE POUR FEMME EDP 100 ML ,Mujer,39900,54900
VERSACE,VERSACE YELLOW DIAMOND 90 ML ,Mujer,39900,54900
VERSACE,VERSACE YELLOW DIAMOND INTENSE 90 ML ,Mujer,39900,54900
VERSACE,EROS VERSACE DAMA EDP 100 ML ,Mujer,59900,74900
VERSACE,BLUE JEANS VARON EDT 75 ML ,Hombre,16900,31900
VERSACE,RED JEANS DAMA EDT 75 ML,Mujer,16900,31900
YVES SAINT LAURENT,BELLE D' OPIUM DAMA EDP 90 ML ,Mujer,48900,63900
YVES SAINT LAURENT,YSL L' HOMME NUIT 100 ML ,Hombre,44900,59900
YVES SAINT LAURENT,YSL L' HOMME NUIT FROZEN 100 ML ,Hombre,44900,59900
YVES SAINT LAURENT,YSL L' HOMME EAU LIBRE 100 ML ,Hombre,44900,59900
YVES SAINT LAURENT,YSL HOMME SPORT 100 ML,Hombre,44900,59900
YVES SAINT LAURENT,RIVE GAUCHE DAMA EDT 100 ML ,Mujer,48900,63900
YVES SAINT LAURENT,CINEMA EDP 90 ML,Mujer,48900,63900
YVES SAINT LAURENT,PARIS EDT 125 ML ,Mujer,56900,71900
YVES SAINT LAURENT,PARIS EDT 75 ML ,Mujer,41900,56900
YVES SAINT LAURENT,PARISIENNE EDP 90 ML ,Mujer,56900,71900
YVES SAINT LAURENT,OPIUM EDT VARON 100 ML ,Hombre,44900,59900
YVES SAINT LAURENT,OPIUM EDT DAMA  90 ML,Mujer,48900,63900
YVES SAINT LAURENT,OPIUM BLACK EDP 90 ML,Mujer,56900,71900
YVES SAINT LAURENT,OPIUM BLACK NUIT BLANC EDP 90 ML NEW,Mujer,56900,71900
YVES SAINT LAURENT,JAZZ 80 ML,Hombre,32900,47900
YVES SAINT LAURENT,KOUROS 100 ML,Hombre,38900,53900
YVES SAINT LAURENT,KOUROS 100 ML TESTER,Hombre,32900,47900
YVES SAINT LAURENT,BODY KOUROS 100 ML,Hombre,31900,46900
ZIPPO,ZIPPO INTO THE BLUE VARON EDT 100 ML ,Hombre,21900,36900
ZIPPO,ZIPPO VARON EDT 50 ML TESTER,Hombre,15900,30900